Workbook

Sheet Data Ri Aset
A1: Date | B1: Rim | C1: Rig | D1: Rib | E1: Ribtc
A2: 43132 | B2: -0.0012731564 | C2: -0.018318007 | D2: 0.043842988 | E2: 0.0066729012
A3: 43160 | B3: -0.061879095 | C3: 0.0072523986 | D3: 0.011220622 | E3: -0.32859811
A4: 43191 | B4: -0.031409002 | C4: -0.00600015 | D4: 0.035537562 | E4: 0.33249258
A5: 43221 | B5: -0.001836653 | C5: -0.010940919 | D5: 0.02229945 | E5: -0.18847822
A6: 43252 | B6: -0.030809263 | C6: -0.03860238 | D6: 0.10524079 | E6: -0.147109
A7: 43282 | B7: 0.023658272 | C7: -0.021107761 | D7: -0.0061514802 | E7: 0.20792636
A8: 43313 | B8: 0.013816361 | C8: -0.021806096 | D8: 0.047969052 | E8: -0.089994049
A9: 43344 | B9: -0.0069635754 | C9: -0.0039777907 | D9: 0.0099667774 | E9: -0.056669226
A10: 43374 | B10: -0.024244757 | C10: 0.015725102 | D10: 0.047880117 | E10: -0.040586569
A11: 43405 | B11: 0.038491679 | C11: 0.0090104849 | D11: -0.08545518 | E11: -0.36541573
A12: 43435 | B12: 0.022849613 | C12: 0.045380744 | D12: 0.016653954 | E12: -0.081763497
A13: 43466 | B13: 0.054640407 | C13: 0.034091792 | D13: 0.0067525322 | E13: -0.07338114
... A80: 45505 | B80: 0.057191803 | C80: 0.02723227 | D80: -0.038321963 | E80: -0.087385882

Sheet Data Makro Bulanan
A1: Date | B1: Exc | C1: Fits Exc | D1: X1 | E1: Inf | F1: Fits Inf | G1: X2 | H1: SBI | I1: Fits SBI | J1: X3
A2: 43132 | B2: 0.021919034 | D2: =B2-C2 -> 0.021919034 | E2: -0.021538462 | G2: =E2-F2 -> -0.021538462 | H2: 0.0035416667 | J2: =H2-I2 -> 0.0035416667 | L2: Keterangan :
A3: 43160 | B3: 0.0035748158 | D3: =B3-C3 -> 0.0035748158 | E3: 0.06918239 | G3: =E3-F3 -> 0.06918239 | H3: 0.0035416667 | J3: =H3-I3 -> 0.0035416667 | L3: Data Fits diisi dengan forecast yang didapatkan dengan metode simple exponential smooting. Kemudian secara otomatis akan didapatkan variabel X1 hingga X3
A4: 43191 | B4: 0.0087961617 | D4: =B4-C4 -> 0.0087961617 | E4: 0.0029411765 | G4: =E4-F4 -> 0.0029411765 | H4: 0.0035416667 | J4: =H4-I4 -> 0.0035416667
A5: 43221 | B5: 0.0053325647 | D5: =B5-C5 -> 0.0053325647 | E5: -0.052785924 | G5: =E5-F5 -> -0.052785924 | H5: 0.0039583333 | J5: =H5-I5 -> 0.0039583333
A6: 43252 | B6: 0.032470791 | D6: =B6-C6 -> 0.032470791 | E6: -0.034055728 | G6: =E6-F6 -> -0.034055728 | H6: 0.004375 | J6: =H6-I6 -> 0.004375
A7: 43282 | B7: 0.00062482644 | D7: =B7-C7 -> 0.00062482644 | E7: 0.019230769 | G7: =E7-F7 -> 0.019230769 | H7: 0.004375 | J7: =H7-I7 -> 0.004375
A8: 43313 | B8: 0.020675779 | D8: =B8-C8 -> 0.020675779 | E8: 0.0062893082 | G8: =E8-F8 -> 0.0062893082 | H8: 0.0045833333 | J8: =H8-I8 -> 0.0045833333
A9: 43344 | B9: 0.014818843 | D9: =B9-C9 -> 0.014818843 | E9: -0.1 | G9: =E9-F9 -> -0.1 | H9: 0.0047916667 | J9: =H9-I9 -> 0.0047916667
A10: 43374 | B10: 0.019961149 | D10: =B10-C10 -> 0.019961149 | E10: 0.097222222 | G10: =E10-F10 -> 0.097222222 | H10: 0.0047916667 | J10: =H10-I10 -> 0.0047916667
A11: 43405 | B11: -0.058317462 | D11: =B11-C11 -> -0.058317462 | E11: 0.022151899 | G11: =E11-F11 -> 0.022151899 | H11: 0.005 | J11: =H11-I11 -> 0.005
A12: 43435 | B12: 0.0099030616 | D12: =B12-C12 -> 0.0099030616 | E12: -0.030959752 | G12: =E12-F12 -> -0.030959752 | H12: 0.005 | J12: =H12-I12 -> 0.005
A13: 43466 | B13: -0.028243906 | D13: =B13-C13 -> -0.028243906 | E13: -0.099041534 | G13: =E13-F13 -> -0.099041534 | H13: 0.005 | J13: =H13-I13 -> 0.005
A14: 43497 | B14: -0.00071063104 | D14: =B14-C14 -> -0.00071063104 | E14: -0.088652482 | G14: =E14-F14 -> -0.088652482 | H14: 0.005 | J14: =H14-I14 -> 0.005
A15: 43525 | B15: 0.012942682 | D15: =B15-C15 -> 0.012942682 | E15: -0.035019455 | G15: =E15-F15 -> -0.035019455 | H15: 0.005 | J15: =H15-I15 -> 0.005
... A80: 45505 | B80: -0.0058103976 | D80: =B80-C80 -> -0.0058103976 | E80: -0.15139442 | G80: =E80-F80 -> -0.15139442 | H80: 0.0052083333 | J80: =H80-I80 -> 0.0052083333

Sheet Independent Variables
A1: X1 | B1: X2 | C1: X3
A2: 0.021919034 | B2: -0.021538462 | C2: 0.0035416667
A3: 0.0035748158 | B3: 0.06918239 | C3: 0.0035416667
A4: 0.0087961617 | B4: 0.0029411765 | C4: 0.0035416667
A5: 0.0053325647 | B5: -0.052785924 | C5: 0.0039583333
A6: 0.032470791 | B6: -0.034055728 | C6: 0.004375
A7: 0.00062482644 | B7: 0.019230769 | C7: 0.004375
A8: 0.020675779 | B8: 0.0062893082 | C8: 0.0045833333
A9: 0.014818843 | B9: -0.1 | C9: 0.0047916667
A10: 0.019961149 | B10: 0.097222222 | C10: 0.0047916667
A11: -0.058317462 | B11: 0.022151899 | C11: 0.005
A12: 0.0099030616 | B12: -0.030959752 | C12: 0.005
A13: -0.028243906 | B13: -0.099041534 | C13: 0.005
... A80: -0.0058103976 | B80: -0.15139442 | C80: 0.0052083333

Sheet Rf
A1: Date | B1: Rf
A2: 43132 | B2: 0.007125 | D2: =MAX(B2:B80) -> 0.007125
A3: 43160 | B3: 0.007125
A4: 43191 | B4: 0.007125
A5: 43221 | B5: 0.007125
A6: 43252 | B6: 0.007125
A7: 43282 | B7: 0.007125
A8: 43313 | B8: 0.007125
A9: 43344 | B9: 0.007125
A10: 43374 | B10: 0.007125
A11: 43405 | B11: 0.007125
A12: 43435 | B12: 0.007125
A13: 43466 | B13: 0.007125
A14: 43497 | B14: 0.007125
... A80: 45505 | B80: 0.0066666667

Sheet Data Siap
A1: Date | B1: Rim | C1: Rig | D1: Rib | E1: Ribtc | F1: X1 | G1: X2 | H1: X3 | I1: Rf
A2: 43132 | B2: ='Data Ri Aset'!B2 -> -0.0012731564 | C2: ='Data Ri Aset'!C2 -> -0.018318007 | D2: ='Data Ri Aset'!D2 -> 0.043842988 | E2: ='Data Ri Aset'!E2 -> 0.0066729012 | F2: ='Data Makro Bulanan'!D2 -> 0.021919034 | G2: ='Data Makro Bulanan'!G2 -> -0.021538462 | H2: ='Data Makro Bulanan'!J2 -> 0.0035416667 | I2: =Rf!B2 -> 0.007125
A3: 43160 | B3: ='Data Ri Aset'!B3 -> -0.061879095 | C3: ='Data Ri Aset'!C3 -> 0.0072523986 | D3: ='Data Ri Aset'!D3 -> 0.011220622 | E3: ='Data Ri Aset'!E3 -> -0.32859811 | F3: ='Data Makro Bulanan'!D3 -> 0.0035748158 | G3: ='Data Makro Bulanan'!G3 -> 0.06918239 | H3: ='Data Makro Bulanan'!J3 -> 0.0035416667 | I3: =Rf!B3 -> 0.007125 | O3: S1
A4: 43191 | B4: ='Data Ri Aset'!B4 -> -0.031409002 | C4: ='Data Ri Aset'!C4 -> -0.00600015 | D4: ='Data Ri Aset'!D4 -> 0.035537562 | E4: ='Data Ri Aset'!E4 -> 0.33249258 | F4: ='Data Makro Bulanan'!D4 -> 0.0087961617 | G4: ='Data Makro Bulanan'!G4 -> 0.0029411765 | H4: ='Data Makro Bulanan'!J4 -> 0.0035416667 | I4: =Rf!B4 -> 0.007125 | K4: Keterangan : | O4: 1
A5: 43221 | B5: ='Data Ri Aset'!B5 -> -0.001836653 | C5: ='Data Ri Aset'!C5 -> -0.010940919 | D5: ='Data Ri Aset'!D5 -> 0.02229945 | E5: ='Data Ri Aset'!E5 -> -0.18847822 | F5: ='Data Makro Bulanan'!D5 -> 0.0053325647 | G5: ='Data Makro Bulanan'!G5 -> -0.052785924 | H5: ='Data Makro Bulanan'!J5 -> 0.0039583333 | I5: =Rf!B5 -> 0.007125 | K5: Data X1 hingga X3 akan berubah mengikuti kolom C, F dan I pada sheet Data Makro Bulanan
A6: 43252 | B6: ='Data Ri Aset'!B6 -> -0.030809263 | C6: ='Data Ri Aset'!C6 -> -0.03860238 | D6: ='Data Ri Aset'!D6 -> 0.10524079 | E6: ='Data Ri Aset'!E6 -> -0.147109 | F6: ='Data Makro Bulanan'!D6 -> 0.032470791 | G6: ='Data Makro Bulanan'!G6 -> -0.034055728 | H6: ='Data Makro Bulanan'!J6 -> 0.004375 | I6: =Rf!B6 -> 0.007125
A7: 43282 | B7: ='Data Ri Aset'!B7 -> 0.023658272 | C7: ='Data Ri Aset'!C7 -> -0.021107761 | D7: ='Data Ri Aset'!D7 -> -0.0061514802 | E7: ='Data Ri Aset'!E7 -> 0.20792636 | F7: ='Data Makro Bulanan'!D7 -> 0.00062482644 | G7: ='Data Makro Bulanan'!G7 -> 0.019230769 | H7: ='Data Makro Bulanan'!J7 -> 0.004375 | I7: =Rf!B7 -> 0.007125
A8: 43313 | B8: ='Data Ri Aset'!B8 -> 0.013816361 | C8: ='Data Ri Aset'!C8 -> -0.021806096 | D8: ='Data Ri Aset'!D8 -> 0.047969052 | E8: ='Data Ri Aset'!E8 -> -0.089994049 | F8: ='Data Makro Bulanan'!D8 -> 0.020675779 | G8: ='Data Makro Bulanan'!G8 -> 0.0062893082 | H8: ='Data Makro Bulanan'!J8 -> 0.0045833333 | I8: =Rf!B8 -> 0.007125
A9: 43344 | B9: ='Data Ri Aset'!B9 -> -0.0069635754 | C9: ='Data Ri Aset'!C9 -> -0.0039777907 | D9: ='Data Ri Aset'!D9 -> 0.0099667774 | E9: ='Data Ri Aset'!E9 -> -0.056669226 | F9: ='Data Makro Bulanan'!D9 -> 0.014818843 | G9: ='Data Makro Bulanan'!G9 -> -0.1 | H9: ='Data Makro Bulanan'!J9 -> 0.0047916667 | I9: =Rf!B9 -> 0.007125
A10: 43374 | B10: ='Data Ri Aset'!B10 -> -0.024244757 | C10: ='Data Ri Aset'!C10 -> 0.015725102 | D10: ='Data Ri Aset'!D10 -> 0.047880117 | E10: ='Data Ri Aset'!E10 -> -0.040586569 | F10: ='Data Makro Bulanan'!D10 -> 0.019961149 | G10: ='Data Makro Bulanan'!G10 -> 0.097222222 | H10: ='Data Makro Bulanan'!J10 -> 0.0047916667 | I10: =Rf!B10 -> 0.007125
A11: 43405 | B11: ='Data Ri Aset'!B11 -> 0.038491679 | C11: ='Data Ri Aset'!C11 -> 0.0090104849 | D11: ='Data Ri Aset'!D11 -> -0.08545518 | E11: ='Data Ri Aset'!E11 -> -0.36541573 | F11: ='Data Makro Bulanan'!D11 -> -0.058317462 | G11: ='Data Makro Bulanan'!G11 -> 0.022151899 | H11: ='Data Makro Bulanan'!J11 -> 0.005 | I11: =Rf!B11 -> 0.007125
A12: 43435 | B12: ='Data Ri Aset'!B12 -> 0.022849613 | C12: ='Data Ri Aset'!C12 -> 0.045380744 | D12: ='Data Ri Aset'!D12 -> 0.016653954 | E12: ='Data Ri Aset'!E12 -> -0.081763497 | F12: ='Data Makro Bulanan'!D12 -> 0.0099030616 | G12: ='Data Makro Bulanan'!G12 -> -0.030959752 | H12: ='Data Makro Bulanan'!J12 -> 0.005 | I12: =Rf!B12 -> 0.007125
A13: 43466 | B13: ='Data Ri Aset'!B13 -> 0.054640407 | C13: ='Data Ri Aset'!C13 -> 0.034091792 | D13: ='Data Ri Aset'!D13 -> 0.0067525322 | E13: ='Data Ri Aset'!E13 -> -0.07338114 | F13: ='Data Makro Bulanan'!D13 -> -0.028243906 | G13: ='Data Makro Bulanan'!G13 -> -0.099041534 | H13: ='Data Makro Bulanan'!J13 -> 0.005 | I13: =Rf!B13 -> 0.007125
A14: 43497 | B14: ='Data Ri Aset'!B14 -> -0.01371811 | C14: ='Data Ri Aset'!C14 -> -0.0066836888 | D14: ='Data Ri Aset'!D14 -> -0.031052043 | E14: ='Data Ri Aset'!E14 -> 0.11038054 | F14: ='Data Makro Bulanan'!D14 -> -0.00071063104 | G14: ='Data Makro Bulanan'!G14 -> -0.088652482 | H14: ='Data Makro Bulanan'!J14 -> 0.005 | I14: =Rf!B14 -> 0.007125
A15: 43525 | B15: ='Data Ri Aset'!B15 -> 0.0039420488 | C15: ='Data Ri Aset'!C15 -> -0.013759734 | D15: ='Data Ri Aset'!D15 -> -0.017433662 | E15: ='Data Ri Aset'!E15 -> 0.074857203 | F15: ='Data Makro Bulanan'!D15 -> 0.012942682 | G15: ='Data Makro Bulanan'!G15 -> -0.035019455 | H15: ='Data Makro Bulanan'!J15 -> 0.005 | I15: =Rf!B15 -> 0.007125
A16: 43556 | B16: ='Data Ri Aset'!B16 -> -0.0020714976 | C16: ='Data Ri Aset'!C16 -> -0.0098121886 | D16: ='Data Ri Aset'!D16 -> 0.017742988 | E16: ='Data Ri Aset'!E16 -> 0.2970285 | F16: ='Data Makro Bulanan'!D16 -> -0.002035945 | G16: ='Data Makro Bulanan'!G16 -> 0.14112903 | H16: ='Data Makro Bulanan'!J16 -> 0.005 | I16: =Rf!B16 -> 0.007125
A17: 43586 | B17: ='Data Ri Aset'!B17 -> -0.038143555 | C17: ='Data Ri Aset'!C17 -> 0.019509174 | D17: ='Data Ri Aset'!D17 -> 0.02845789 | E17: ='Data Ri Aset'!E17 -> 0.60846113 | F17: ='Data Makro Bulanan'!D17 -> 0.011959198 | G17: ='Data Makro Bulanan'!G17 -> 0.17314488 | H17: ='Data Makro Bulanan'!J17 -> 0.005 | I17: =Rf!B17 -> 0.007125
... A80: 45505 | B80: ='Data Ri Aset'!B80 -> 0.057191803 | C80: ='Data Ri Aset'!C80 -> 0.02723227 | D80: ='Data Ri Aset'!D80 -> -0.038321963 | E80: ='Data Ri Aset'!E80 -> -0.087385882 | F80: ='Data Makro Bulanan'!D80 -> -0.0058103976 | G80: ='Data Makro Bulanan'!G80 -> -0.15139442 | H80: ='Data Makro Bulanan'!J80 -> 0.0052083333 | I80: =Rf!B80 -> 0.0066666667

Sheet Market Data
A1: Date | B1: Rim | C1: X1 | D1: X2 | E1: X3
A2: 43132 | B2: ='Data Ri Aset'!B2 -> -0.0012731564 | C2: ='Data Makro Bulanan'!D2 -> 0.021919034 | D2: ='Data Makro Bulanan'!G2 -> -0.021538462 | E2: ='Data Makro Bulanan'!J2 -> 0.0035416667
A3: 43160 | B3: ='Data Ri Aset'!B3 -> -0.061879095 | C3: ='Data Makro Bulanan'!D3 -> 0.0035748158 | D3: ='Data Makro Bulanan'!G3 -> 0.06918239 | E3: ='Data Makro Bulanan'!J3 -> 0.0035416667
A4: 43191 | B4: ='Data Ri Aset'!B4 -> -0.031409002 | C4: ='Data Makro Bulanan'!D4 -> 0.0087961617 | D4: ='Data Makro Bulanan'!G4 -> 0.0029411765 | E4: ='Data Makro Bulanan'!J4 -> 0.0035416667
A5: 43221 | B5: ='Data Ri Aset'!B5 -> -0.001836653 | C5: ='Data Makro Bulanan'!D5 -> 0.0053325647 | D5: ='Data Makro Bulanan'!G5 -> -0.052785924 | E5: ='Data Makro Bulanan'!J5 -> 0.0039583333
A6: 43252 | B6: ='Data Ri Aset'!B6 -> -0.030809263 | C6: ='Data Makro Bulanan'!D6 -> 0.032470791 | D6: ='Data Makro Bulanan'!G6 -> -0.034055728 | E6: ='Data Makro Bulanan'!J6 -> 0.004375
A7: 43282 | B7: ='Data Ri Aset'!B7 -> 0.023658272 | C7: ='Data Makro Bulanan'!D7 -> 0.00062482644 | D7: ='Data Makro Bulanan'!G7 -> 0.019230769 | E7: ='Data Makro Bulanan'!J7 -> 0.004375
A8: 43313 | B8: ='Data Ri Aset'!B8 -> 0.013816361 | C8: ='Data Makro Bulanan'!D8 -> 0.020675779 | D8: ='Data Makro Bulanan'!G8 -> 0.0062893082 | E8: ='Data Makro Bulanan'!J8 -> 0.0045833333
A9: 43344 | B9: ='Data Ri Aset'!B9 -> -0.0069635754 | C9: ='Data Makro Bulanan'!D9 -> 0.014818843 | D9: ='Data Makro Bulanan'!G9 -> -0.1 | E9: ='Data Makro Bulanan'!J9 -> 0.0047916667
A10: 43374 | B10: ='Data Ri Aset'!B10 -> -0.024244757 | C10: ='Data Makro Bulanan'!D10 -> 0.019961149 | D10: ='Data Makro Bulanan'!G10 -> 0.097222222 | E10: ='Data Makro Bulanan'!J10 -> 0.0047916667
A11: 43405 | B11: ='Data Ri Aset'!B11 -> 0.038491679 | C11: ='Data Makro Bulanan'!D11 -> -0.058317462 | D11: ='Data Makro Bulanan'!G11 -> 0.022151899 | E11: ='Data Makro Bulanan'!J11 -> 0.005
A12: 43435 | B12: ='Data Ri Aset'!B12 -> 0.022849613 | C12: ='Data Makro Bulanan'!D12 -> 0.0099030616 | D12: ='Data Makro Bulanan'!G12 -> -0.030959752 | E12: ='Data Makro Bulanan'!J12 -> 0.005
A13: 43466 | B13: ='Data Ri Aset'!B13 -> 0.054640407 | C13: ='Data Makro Bulanan'!D13 -> -0.028243906 | D13: ='Data Makro Bulanan'!G13 -> -0.099041534 | E13: ='Data Makro Bulanan'!J13 -> 0.005
... A80: 45505 | B80: ='Data Ri Aset'!B80 -> 0.057191803 | C80: ='Data Makro Bulanan'!D80 -> -0.0058103976 | D80: ='Data Makro Bulanan'!G80 -> -0.15139442 | E80: ='Data Makro Bulanan'!J80 -> 0.0052083333
